1,AC233FA8C304,,,
1,AC233FA8C305,,,
1,AC233FA8C302,,,
1,AC233FA8C303,,,
1,AC233FA8C30A,,,
1,AC233FA8C307,,,
1,AC233FA8C30F,,,
1,AC233FA8C30D,,,
1,AC233FA8C30C,,,
1,AC233FA8C306,,,
1,AC233FA8C309,,,
1,AC233FA8C308,,,
1,AC233FA8C30B,,,
1,AC233FA8C30E,,,
1,AC233FA8C300,,,
1,AC233FA8C301,,,
1,AC233FA8C31A,,,
1,AC233FA8C319,,,
1,AC233FA8C315,,,
1,AC233FA8C31C,,,
1,AC233FA8C311,,,
1,AC233FA8C312,,,
1,AC233FA8C314,,,
1,AC233FA8C313,,,
1,AC233FA8C31B,,,
1,AC233FA8C310,,,
1,AC233FA8C331,,,
1,AC233FA8C31F,,,
1,AC233FA8C31E,,,
1,AC233FA8C31D,,,
1,AC233FA8C318,,,
1,AC233FA8C317,,,
1,AC233FA8C316,,,
1,AC233FA8C320,,,
1,AC233FA8C324,,,
1,AC233FA8C332,,,
1,AC233FA8C327,,,
1,AC233FA8C323,,,
1,AC233FA8C329,,,
1,AC233FA8C328,,,
1,AC233FA8C321,,,
1,AC233FA8C326,,,
1,AC233FA8C32E,,,
1,AC233FA8C32F,,,
1,AC233FA8C32D,,,
1,AC233FA8C322,,,
1,AC233FA8C325,,,
1,AC233FA8C32C,,,
1,AC233FA8C32B,,,
1,AC233FA8C32A,,,
1,AC233FA8C33C,,,
1,AC233FA8C33B,,,
1,AC233FA8C33A,,,
1,AC233FA8C335,,,
1,AC233FA8C333,,,
1,AC233FA8C336,,,
1,AC233FA8C33F,,,
1,AC233FA8C33D,,,
1,AC233FA8C330,,,
1,AC233FA8C337,,,
1,AC233FA8C334,,,
1,AC233FA8C339,,,
1,AC233FA8C338,,,
1,AC233FA8C33E,,,
1,AC233FA8C342,,,
1,AC233FA8C341,,,
1,AC233FA8C340,,,
1,AC233FA8C344,,,
1,AC233FA8C348,,,
1,AC233FA8C343,,,
1,AC233FA8C349,,,
1,AC233FA8C347,,,
1,AC233FA8C34B,,,
1,AC233FA8C346,,,
1,AC233FA8C345,,,
1,AC233FA8C34D,,,
1,AC233FA8C34C,,,
1,AC233FA8C34A,,,
1,AC233FA8C2F2,,,
1,AC233FA8C2F0,,,
1,AC233FA8C2F9,,,
1,AC233FA8C2F3,,,
1,AC233FA8C2FA,,,
1,AC233FA8C2F8,,,
1,AC233FA8C2F6,,,
1,AC233FA8C2FF,,,
1,AC233FA8C2F4,,,
1,AC233FA8C2FC,,,
1,AC233FA8C2FE,,,
1,AC233FA8C2F1,,,
1,AC233FA8C2FB,,,
1,AC233FA8C2FD,,,
1,AC233FA8C2F7,,,
1,AC233FA8C2F5,,,
1,AC233FA8C2EE,,,
1,AC233FA8C2EF,,,
1,AC233FA8C58F,,,
1,AC233FA8C5A3,,,
1,AC233FA8C5A4,,,
1,AC233FA8C5A7,,,
1,AC233FA93052,,,
1,AC233FA93053,,,
1,AC233FA93054,,,
1,AC233FA93055,,,
1,AC233FA93056,,,
1,AC233FA93057,,,
1,AC233FA93058,,,
1,AC233FA93059,,,
1,AC233FA9305A,,,
1,AC233FA9305B,,,
1,AC233FA9305C,,,
1,AC233FA9305D,,,
1,AC233FA9305E,,,
1,AC233FA9305F,,,
1,AC233FA93060,,,
1,AC233FA93061,,,
1,AC233FA93062,,,
1,AC233FA93063,,,
1,AC233FA93064,,,
1,AC233FA93065,,,
1,AC233FA93066,,,
1,AC233FA93067,,,
1,AC233FA93068,,,
1,AC233FA93069,,,
1,AC233FA9306A,,,
1,AC233FA9306B,,,
1,AC233FA9306C,,,
1,AC233FA9306D,,,
1,AC233FA9306E,,,
1,AC233FA9306F,,,
1,AC233FA93070,,,
1,AC233FA93071,,,
1,AC233FA93072,,,
1,AC233FA93073,,,
1,AC233FA93074,,,
1,AC233FA93075,,,
1,AC233FA93076,,,
1,AC233FA93077,,,
1,AC233FA93078,,,
1,AC233FA93079,,,
1,AC233FA9307A,,,
1,AC233FA9307B,,,
1,AC233FA9307C,,,
1,AC233FA9307D,,,
1,AC233FA9307E,,,
1,AC233FA9307F,,,
1,AC233FA93080,,,
1,AC233FA93081,,,
1,AC233FA93082,,,
1,AC233FA93083,,,
1,AC233FA93084,,,
1,AC233FA93085,,,
1,AC233FA93086,,,
1,AC233FA93087,,,
1,AC233FA93088,,,
1,AC233FA93089,,,
1,AC233FA9308A,,,
1,AC233FA9308B,,,
1,AC233FA9308C,,,
1,AC233FA9308D,,,
1,AC233FA9308E,,,
1,AC233FA9308F,,,
1,AC233FA93090,,,
1,AC233FA93091,,,
1,AC233FA93092,,,
1,AC233FA93093,,,
1,AC233FA93094,,,
1,AC233FA93095,,,
1,AC233FA93096,,,
1,AC233FA93097,,,
1,AC233FA93098,,,
1,AC233FA93099,,,
1,AC233FA9309A,,,
1,AC233FA9309B,,,
1,AC233FA9309C,,,
1,AC233FA9309D,,,
1,AC233FA9309E,,,
1,AC233FA9309F,,,
1,AC233FA930A0,,,
1,AC233FA930A1,,,
1,AC233FA930A2,,,
1,AC233FA930A3,,,
1,AC233FA930A4,,,
1,AC233FA930A5,,,
1,AC233FA930A6,,,
1,AC233FA930A7,,,
1,AC233FA930A8,,,
1,AC233FA930A9,,,
1,AC233FA930AA,,,
1,AC233FA930AB,,,
1,AC233FA930AC,,,
1,AC233FA930AD,,,
1,AC233FA930AE,,,
1,AC233FA930AF,,,
1,AC233FA930B0,,,
1,AC233FA930B1,,,
1,AC233FA930B2,,,
1,AC233FA930B3,,,
1,AC233FA930B4,,,
1,AC233FA930B5,,,
1,AC233FA930B6,,,
1,AC233FA930B7,,,
1,AC233FA930B8,,,
1,AC233FA930B9,,,
1,AC233FA930BA,,,
1,AC233FA930BB,,,
1,AC233FA930BC,,,
1,AC233FA930BD,,,
1,AC233FA930BE,,,
1,AC233FA930BF,,,
